MAT,TAX,PTRATIO,BOX,NUBIS,CHAS,KANOX,RM,TRIM,ZETA,AGE,DIS,NLIMA,,,,,,,,,target
5,279,19.2,377.56,5.96,0,0.499,5.841,0.09744,0,61.4,3.3779,11.41,,,,,,,,,20
5,279,19.2,396.9,5.96,0,0.499,5.85,0.08014,0,41.5,3.9342,8.77,,,,,,,,,21
5,279,19.2,393.43,5.96,0,0.499,5.966,0.17505,0,30.2,3.8473,10.13,,,,,,,,,24.7
3,252,18.3,395.63,2.95,0,0.428,6.595,0.02763,75,21.8,5.4011,4.32,,,,,,,,,30.8
3,252,18.3,395.62,2.95,0,0.428,7.024,0.03359,75,15.8,5.4011,1.98,,,,,,,,,34.9
3,233,17.9,385.41,6.91,0,0.448,6.77,0.12744,0,2.9,5.7209,4.84,,,,,,,,,26.6
3,233,17.9,383.37,6.91,0,0.448,6.169,0.1415,0,6.6,5.7209,5.81,,,,,,,,,25.3
3,233,17.9,394.46,6.91,0,0.448,6.211,0.15936,0,6.5,5.7209,7.44,,,,,,,,,24.7
3,233,17.9,389.39,6.91,0,0.448,6.069,0.12269,0,40,5.7209,9.55,,,,,,,,,21.2
3,233,17.9,396.9,6.91,0,0.448,5.682,0.17142,0,33.8,5.1004,10.21,,,,,,,,,19.3
3,233,17.9,396.9,6.91,0,0.448,5.786,0.18836,0,33.3,5.1004,14.15,,,,,,,,,20
3,233,17.9,392.74,6.91,0,0.448,6.03,0.22927,0,85.5,5.6894,18.8,,,,,,,,,16.6
3,233,17.9,396.9,6.91,0,0.448,5.399,0.25387,0,95.3,5.87,30.81,,,,,,,,,14.4
3,233,17.9,396.9,6.91,0,0.448,5.602,0.21977,0,62,6.0877,16.2,,,,,,,,,19.4
4,243,16.8,395.56,5.64,0,0.439,5.963,0.08873,21,45.7,6.8147,13.45,,,,,,,,,19.7
4,243,16.8,393.97,5.64,0,0.439,6.115,0.04337,21,63,6.8147,9.43,,,,,,,,,20.5
4,243,16.8,396.9,5.64,0,0.439,6.511,0.0536,21,21.1,6.8147,5.28,,,,,,,,,25
4,243,16.8,396.9,5.64,0,0.439,5.998,0.04981,21,21.4,6.8147,8.43,,,,,,,,,23.4
3,469,21.1,396.9,4,0,0.41,5.888,0.0136,75,47.6,7.3197,14.8,,,,,,,,,18.9
5,226,17.9,395.93,1.22,0,0.403,7.249,0.01311,90,21.9,8.6966,4.81,,,,,,,,,35.4
2,313,17.3,396.9,0.74,0,0.41,6.383,0.02055,85,35.7,9.1876,5.77,,,,,,,,,24.7
5,256,15.1,392.9,1.32,0,0.411,6.816,0.01432,100,40.5,8.3248,3.95,,,,,,,,,31.6
8,284,19.7,390.68,5.13,0,0.453,6.145,0.15445,25,29.2,7.8148,6.86,,,,,,,,,23.3
8,284,19.7,396.9,5.13,0,0.453,5.927,0.10328,25,47.2,6.932,9.22,,,,,,,,,19.6
8,284,19.7,395.11,5.13,0,0.453,5.741,0.14932,25,66.2,7.2254,13.15,,,,,,,,,18.7
8,284,19.7,378.08,5.13,0,0.453,5.966,0.17171,25,93.4,6.8185,14.44,,,,,,,,,16
8,284,19.7,396.9,5.13,0,0.453,6.456,0.11027,25,67.8,7.2255,6.73,,,,,,,,,22.2
8,284,19.7,395.58,5.13,0,0.453,6.762,0.1265,25,43.4,7.9809,9.5,,,,,,,,,25
3,216,18.6,393.24,1.38,0,0.4161,7.104,0.01951,17.5,59.5,9.2229,8.05,,,,,,,,,33
4,337,16.1,396.9,3.37,0,0.398,6.29,0.03584,80,17.8,6.6115,4.67,,,,,,,,,23.5
4,337,16.1,396.9,3.37,0,0.398,5.787,0.04379,80,31.1,6.6115,10.24,,,,,,,,,19.4
4,345,18.9,396.21,6.07,0,0.409,5.878,0.05789,12.5,21.4,6.498,8.1,,,,,,,,,22
4,345,18.9,396.9,6.07,0,0.409,5.594,0.13554,12.5,36.8,6.498,13.09,,,,,,,,,17.4
4,345,18.9,396.9,6.07,0,0.409,5.885,0.12816,12.5,33,6.498,8.79,,,,,,,,,20.9
4,305,19.2,383.73,10.81,0,0.413,6.417,0.08826,0,6.6,5.2873,6.72,,,,,,,,,24.2
4,305,19.2,376.94,10.81,0,0.413,5.961,0.15876,0,17.5,5.2873,9.88,,,,,,,,,21.7
4,305,19.2,390.91,10.81,0,0.413,6.065,0.09164,0,7.8,5.2873,5.52,,,,,,,,,22.8
4,305,19.2,377.17,10.81,0,0.413,6.245,0.19539,0,6.2,5.2873,7.54,,,,,,,,,23.4
5,398,18.7,394.92,12.83,0,0.437,6.273,0.07896,0,6,4.2515,6.78,,,,,,,,,24.1
5,398,18.7,383.23,12.83,0,0.437,6.286,0.09512,0,45,4.5026,8.94,,,,,,,,,21.4
5,398,18.7,373.66,12.83,0,0.437,6.279,0.10153,0,74.5,4.0522,11.97,,,,,,,,,20
5,398,18.7,386.96,12.83,0,0.437,6.14,0.08707,0,45.8,4.0905,10.27,,,,,,,,,20.8
5,398,18.7,386.4,12.83,0,0.437,6.232,0.05646,0,53.7,5.0141,12.34,,,,,,,,,21.2
5,398,18.7,396.06,12.83,0,0.437,5.874,0.08387,0,36.6,4.5026,9.1,,,,,,,,,20.3
4,281,19,396.9,4.86,0,0.426,6.727,0.04113,25,33.5,5.4007,5.29,,,,,,,,,28
4,281,19,395.63,4.86,0,0.426,6.619,0.04462,25,70.4,5.4007,7.22,,,,,,,,,23.9
4,281,19,396.9,4.86,0,0.426,6.302,0.03659,25,32.2,5.4007,6.72,,,,,,,,,24.8
4,281,19,390.64,4.86,0,0.426,6.167,0.03551,25,46.7,5.4007,7.51,,,,,,,,,22.9
3,247,18.5,396.9,4.49,0,0.449,6.389,0.05059,0,48,4.7794,9.62,,,,,,,,,23.9
3,247,18.5,392.3,4.49,0,0.449,6.63,0.05735,0,56.1,4.4377,6.53,,,,,,,,,26.6
3,247,18.5,395.99,4.49,0,0.449,6.015,0.05188,0,45.1,4.4272,12.86,,,,,,,,,22.5
3,247,18.5,395.15,4.49,0,0.449,6.121,0.07151,0,56.8,3.7476,8.44,,,,,,,,,22.2
2,270,17.8,396.9,3.41,0,0.489,7.007,0.0566,0,86.3,3.4217,5.5,,,,,,,,,23.6
2,270,17.8,396.06,3.41,0,0.489,7.079,0.05302,0,63.1,3.4145,5.7,,,,,,,,,28.7
2,270,17.8,392.18,3.41,0,0.489,6.417,0.04684,0,66.1,3.0923,8.81,,,,,,,,,22.6
2,270,17.8,393.55,3.41,0,0.489,6.405,0.03932,0,73.9,3.0921,8.2,,,,,,,,,22
4,270,18.2,395.01,15.04,0,0.464,6.442,0.04203,28,53.6,3.6659,8.16,,,,,,,,,22.9
4,270,18.2,396.33,15.04,0,0.464,6.211,0.02875,28,28.9,3.6659,6.21,,,,,,,,,25
4,270,18.2,396.9,15.04,0,0.464,6.249,0.04294,28,77.3,3.615,10.59,,,,,,,,,20.6
2,276,18,357.98,2.89,0,0.445,6.625,0.12204,0,57.8,3.4952,6.65,,,,,,,,,28.4
2,276,18,391.83,2.89,0,0.445,6.163,0.11504,0,69.6,3.4952,11.34,,,,,,,,,21.4
2,276,18,396.9,2.89,0,0.445,8.069,0.12083,0,76,3.4952,4.21,,,,,,,,,38.7
2,276,18,393.53,2.89,0,0.445,7.82,0.08187,0,36.9,3.4952,3.57,,,,,,,,,43.8
2,276,18,396.9,2.89,0,0.445,7.416,0.0686,0,62.5,3.4952,6.19,,,,,,,,,33.2
5,384,20.9,394.76,8.56,0,0.52,6.727,0.14866,0,79.9,2.7778,9.42,,,,,,,,,27.5
5,384,20.9,395.58,8.56,0,0.52,6.781,0.11432,0,71.3,2.8561,7.67,,,,,,,,,26.5
5,384,20.9,70.8,8.56,0,0.52,6.405,0.22876,0,85.4,2.7147,10.63,,,,,,,,,18.6
5,384,20.9,394.47,8.56,0,0.52,6.137,0.21161,0,87.4,2.7147,13.44,,,,,,,,,19.3
5,384,20.9,392.69,8.56,0,0.52,6.167,0.1396,0,90,2.421,12.33,,,,,,,,,20.1
5,384,20.9,394.05,8.56,0,0.52,5.851,0.13262,0,96.7,2.1069,16.47,,,,,,,,,19.5
5,384,20.9,395.67,8.56,0,0.52,5.836,0.1712,0,91.9,2.211,18.66,,,,,,,,,19.5
5,384,20.9,387.69,8.56,0,0.52,6.127,0.13117,0,85.2,2.1224,14.09,,,,,,,,,20.4
5,384,20.9,395.24,8.56,0,0.52,6.474,0.12802,0,97.1,2.4329,12.27,,,,,,,,,19.8
5,384,20.9,391.23,8.56,0,0.52,6.229,0.26363,0,91.2,2.5451,15.55,,,,,,,,,19.4
5,384,20.9,393.49,8.56,0,0.52,6.195,0.10793,0,54.4,2.7778,13,,,,,,,,,21.7
6,432,17.8,395.59,10.01,0,0.547,6.715,0.10084,0,81.6,2.6775,10.16,,,,,,,,,22.8
6,432,17.8,394.95,10.01,0,0.547,5.913,0.12329,0,92.9,2.3534,16.21,,,,,,,,,18.8
6,432,17.8,396.9,10.01,0,0.547,6.092,0.22212,0,95.4,2.548,17.09,,,,,,,,,18.7
6,432,17.8,388.74,10.01,0,0.547,6.254,0.14231,0,84.2,2.2565,10.45,,,,,,,,,18.5
6,432,17.8,344.91,10.01,0,0.547,5.928,0.17134,0,88.2,2.4631,15.76,,,,,,,,,18.3
6,432,17.8,393.3,10.01,0,0.547,6.176,0.13158,0,72.5,2.7301,12.04,,,,,,,,,21.2
6,432,17.8,394.51,10.01,0,0.547,6.021,0.15098,0,82.6,2.7474,10.3,,,,,,,,,19.2
6,432,17.8,338.63,10.01,0,0.547,5.872,0.13058,0,73.1,2.4775,15.37,,,,,,,,,20.4
6,432,17.8,391.5,10.01,0,0.547,5.731,0.14476,0,65.2,2.7592,13.61,,,,,,,,,19.3
2,188,19.1,389.15,25.65,0,0.581,5.87,0.06899,0,69.7,2.2577,14.37,,,,,,,,,22
2,188,19.1,377.67,25.65,0,0.581,6.004,0.07165,0,84.1,2.1974,14.27,,,,,,,,,20.3
2,188,19.1,378.09,25.65,0,0.581,5.961,0.09299,0,92.9,2.0869,17.93,,,,,,,,,20.5
2,188,19.1,370.31,25.65,0,0.581,5.856,0.15038,0,97,1.9444,25.41,,,,,,,,,17.3
2,188,19.1,379.38,25.65,0,0.581,5.879,0.09849,0,95.8,2.0063,17.58,,,,,,,,,18.8
2,188,19.1,385.02,25.65,0,0.581,5.986,0.16902,0,88.4,1.9929,14.81,,,,,,,,,21.4
2,188,19.1,359.29,25.65,0,0.581,5.613,0.38735,0,95.6,1.7572,27.26,,,,,,,,,15.7
4,437,21.2,392.11,21.89,0,0.624,5.693,0.25915,0,96,1.7883,17.19,,,,,,,,,16.2
4,437,21.2,396.9,21.89,0,0.624,6.431,0.32543,0,98.8,1.8125,15.39,,,,,,,,,18
4,437,21.2,396.9,21.89,0,0.624,5.637,0.88125,0,94.7,1.9799,18.34,,,,,,,,,14.3
4,437,21.2,395.04,21.89,0,0.624,6.458,0.34006,0,98.9,2.1185,12.6,,,,,,,,,19.2
4,437,21.2,396.9,21.89,0,0.624,6.326,1.19294,0,97.7,2.271,12.26,,,,,,,,,19.6
4,437,21.2,385.76,21.89,0,0.624,6.372,0.59005,0,97.9,2.3274,11.12,,,,,,,,,23
4,437,21.2,388.69,21.89,0,0.624,5.822,0.32982,0,95.4,2.4699,15.03,,,,,,,,,18.4
4,437,21.2,262.76,21.89,0,0.624,5.757,0.97617,0,98.4,2.346,17.31,,,,,,,,,15.6
4,437,21.2,394.67,21.89,0,0.624,6.335,0.55778,0,98.2,2.1107,16.96,,,,,,,,,18.1
4,437,21.2,378.25,21.89,0,0.624,5.942,0.32264,0,93.5,1.9669,16.9,,,,,,,,,17.4
4,437,21.2,394.08,21.89,0,0.624,6.454,0.35233,0,98.4,1.8498,14.59,,,,,,,,,17.1
4,437,21.2,392.04,21.89,0,0.624,5.857,0.2498,0,98.2,1.6686,21.32,,,,,,,,,13.3
4,437,21.2,396.9,21.89,0,0.624,6.151,0.54452,0,97.9,1.6687,18.46,,,,,,,,,17.8
4,437,21.2,388.08,21.89,0,0.624,6.174,0.2909,0,93.6,1.6119,24.16,,,,,,,,,14
4,437,21.2,396.9,21.89,0,0.624,5.019,1.62864,0,100,1.4394,34.41,,,,,,,,,14.4
5,403,14.7,396.9,19.58,1,0.871,5.403,3.32105,0,100,1.3216,26.82,,,,,,,,,13.4
5,403,14.7,396.9,19.58,0,0.871,5.468,4.0974,0,100,1.4118,26.42,,,,,,,,,15.6
5,403,14.7,396.9,19.58,0,0.871,4.903,2.77974,0,97.8,1.3459,29.29,,,,,,,,,11.8
5,403,14.7,172.91,19.58,0,0.871,6.13,2.37934,0,100,1.4191,27.8,,,,,,,,,13.8
5,403,14.7,169.27,19.58,0,0.871,5.628,2.15505,0,100,1.5166,16.65,,,,,,,,,15.6
5,403,14.7,391.71,19.58,0,0.871,4.926,2.36862,0,95.7,1.4608,29.53,,,,,,,,,14.6
5,403,14.7,356.99,19.58,0,0.871,5.186,2.33099,0,93.8,1.5296,28.32,,,,,,,,,17.8
5,403,14.7,351.85,19.58,0,0.871,5.597,2.73397,0,94.9,1.5257,21.45,,,,,,,,,15.4
5,403,14.7,372.8,19.58,0,0.871,6.122,1.6566,0,97.3,1.618,14.1,,,,,,,,,21.5
5,403,14.7,341.6,19.58,0,0.871,5.404,1.49632,0,100,1.5916,13.28,,,,,,,,,19.6
5,403,14.7,343.28,19.58,1,0.871,5.012,1.12658,0,88,1.6102,12.12,,,,,,,,,15.3
5,403,14.7,261.95,19.58,0,0.871,5.709,2.14918,0,98.5,1.6232,15.79,,,,,,,,,19.4
5,403,14.7,321.02,19.58,1,0.871,6.129,1.41385,0,96,1.7494,15.12,,,,,,,,,17
5,403,14.7,88.01,19.58,1,0.871,6.152,3.53501,0,82.6,1.7455,15.02,,,,,,,,,15.6
5,403,14.7,88.63,19.58,0,0.871,5.272,2.44668,0,94,1.7364,16.14,,,,,,,,,13.1
5,403,14.7,363.43,19.58,0,0.605,6.943,1.22358,0,97.4,1.8773,4.59,,,,,,,,,41.3
5,403,14.7,353.89,19.58,0,0.605,6.066,1.34284,0,100,1.7573,6.43,,,,,,,,,24.3
5,403,14.7,364.31,19.58,0,0.871,6.51,1.42502,0,100,1.7659,7.39,,,,,,,,,23.3
5,403,14.7,338.92,19.58,1,0.605,6.25,1.27346,0,92.6,1.7984,5.5,,,,,,,,,27
5,403,14.7,374.43,19.58,0,0.605,7.489,1.46336,0,90.8,1.9709,1.73,,,,,,,,,50
5,403,14.7,389.61,19.58,1,0.605,7.802,1.83377,0,98.2,2.0407,1.92,,,,,,,,,50
5,403,14.7,388.45,19.58,1,0.605,8.375,1.51902,0,93.9,2.162,3.32,,,,,,,,,50
5,403,14.7,395.11,19.58,0,0.605,5.854,2.24236,0,91.8,2.422,11.64,,,,,,,,,22.7
5,403,14.7,240.16,19.58,0,0.605,6.101,2.924,0,93,2.2834,9.81,,,,,,,,,25
5,403,14.7,369.3,19.58,0,0.605,7.929,2.01019,0,96.2,2.0459,3.7,,,,,,,,,50
5,403,14.7,227.61,19.58,0,0.605,5.877,1.80028,0,79.2,2.4259,12.14,,,,,,,,,23.8
5,403,14.7,297.09,19.58,0,0.605,6.319,2.3004,0,96.1,2.1,11.1,,,,,,,,,23.8
5,403,14.7,330.04,19.58,0,0.605,6.402,2.44953,0,95.2,2.2625,11.32,,,,,,,,,22.3
5,403,14.7,292.29,19.58,0,0.605,5.875,1.20742,0,94.6,2.4259,14.43,,,,,,,,,17.4
5,403,14.7,348.13,19.58,0,0.605,5.88,2.3139,0,97.3,2.3887,12.03,,,,,,,,,19.1
5,296,16.6,396.9,4.05,0,0.51,5.572,0.13914,0,88.5,2.5961,14.69,,,,,,,,,23.1
5,296,16.6,395.5,4.05,0,0.51,6.416,0.09178,0,84.1,2.6463,9.04,,,,,,,,,23.6
5,296,16.6,393.23,4.05,0,0.51,5.859,0.08447,0,68.7,2.7019,9.64,,,,,,,,,22.6
5,296,16.6,390.96,4.05,0,0.51,6.546,0.06664,0,33.1,3.1323,5.33,,,,,,,,,29.4
5,296,16.6,393.23,4.05,0,0.51,6.02,0.07022,0,47.2,3.5549,10.11,,,,,,,,,23.2
5,296,16.6,395.6,4.05,0,0.51,6.315,0.05425,0,73.4,3.3175,6.29,,,,,,,,,24.6
5,296,16.6,391.27,4.05,0,0.51,6.86,0.06642,0,74.4,2.9153,6.92,,,,,,,,,29.9
3,193,17.8,396.9,2.46,0,0.488,6.98,0.0578,0,58.4,2.829,5.04,,,,,,,,,37.2
3,193,17.8,395.56,2.46,0,0.488,7.765,0.06588,0,83.3,2.741,7.56,,,,,,,,,39.8
3,193,17.8,396.9,2.46,0,0.488,6.144,0.06888,0,62.2,2.5979,9.45,,,,,,,,,36.2
3,193,17.8,394.12,2.46,0,0.488,7.155,0.09103,0,92.2,2.7006,4.82,,,,,,,,,37.9
3,193,17.8,396.9,2.46,0,0.488,6.563,0.10008,0,95.6,2.847,5.68,,,,,,,,,32.5
3,193,17.8,391,2.46,0,0.488,5.604,0.08308,0,89.8,2.9879,13.98,,,,,,,,,26.4
3,193,17.8,387.11,2.46,0,0.488,6.153,0.06047,0,68.8,3.2797,13.15,,,,,,,,,29.6
3,193,17.8,392.63,2.46,0,0.488,7.831,0.05602,0,53.6,3.1992,4.45,,,,,,,,,50
5,398,15.2,393.87,3.44,0,0.437,6.782,0.07875,45,41.1,3.7886,6.68,,,,,,,,,32
5,398,15.2,382.84,3.44,0,0.437,6.556,0.12579,45,29.1,4.5667,4.56,,,,,,,,,29.8
5,398,15.2,396.9,3.44,0,0.437,7.185,0.0837,45,38.9,4.5667,5.39,,,,,,,,,34.9
5,398,15.2,377.68,3.44,0,0.437,6.951,0.09068,45,21.5,6.4798,5.1,,,,,,,,,37
5,398,15.2,389.71,3.44,0,0.437,6.739,0.06911,45,30.8,6.4798,4.69,,,,,,,,,30.5
5,398,15.2,390.49,3.44,0,0.437,7.178,0.08664,45,26.3,6.4798,2.87,,,,,,,,,36.4
1,265,15.6,393.37,2.93,0,0.401,6.8,0.02187,60,9.9,6.2196,5.03,,,,,,,,,31.1
1,265,15.6,376.7,2.93,0,0.401,6.604,0.01439,60,18.8,6.2196,4.38,,,,,,,,,29.1
4,255,14.4,394.23,0.46,0,0.422,7.875,0.01381,80,32,5.6484,2.97,,,,,,,,,50
2,329,12.6,396.9,1.52,0,0.404,7.287,0.04011,80,34.1,7.309,4.08,,,,,,,,,33.3
2,329,12.6,354.31,1.52,0,0.404,7.107,0.04666,80,36.6,7.309,8.61,,,,,,,,,30.3
2,329,12.6,392.2,1.52,0,0.404,7.274,0.03768,80,38.3,7.309,6.62,,,,,,,,,34.6
3,402,17,396.9,1.47,0,0.403,6.975,0.0315,95,15.3,7.6534,4.56,,,,,,,,,34.9
3,402,17,384.3,1.47,0,0.403,7.135,0.01778,95,13.9,7.6534,4.45,,,,,,,,,32.9
2,348,14.7,393.77,2.03,0,0.415,6.162,0.03445,82.5,38.4,6.27,7.43,,,,,,,,,24.1
2,348,14.7,395.38,2.03,0,0.415,7.61,0.02177,82.5,15.7,6.27,3.11,,,,,,,,,42.3
4,224,14.7,392.78,2.68,0,0.4161,7.853,0.0351,95,33.2,5.118,3.81,,,,,,,,,48.5
4,224,14.7,390.55,2.68,0,0.4161,8.034,0.02009,95,31.9,5.118,2.88,,,,,,,,,50
4,277,18.6,396.9,10.59,0,0.489,5.891,0.13642,0,22.3,3.9454,10.87,,,,,,,,,22.6
4,277,18.6,394.87,10.59,0,0.489,6.326,0.22969,0,52.5,4.3549,10.97,,,,,,,,,24.4
4,277,18.6,389.43,10.59,0,0.489,5.783,0.25199,0,72.7,4.3549,18.06,,,,,,,,,22.5
4,277,18.6,381.32,10.59,1,0.489,6.064,0.13587,0,59.1,4.2392,14.66,,,,,,,,,24.4
4,277,18.6,396.9,10.59,1,0.489,5.344,0.43571,0,100,3.875,23.09,,,,,,,,,20
4,277,18.6,393.25,10.59,1,0.489,5.96,0.17446,0,92.1,3.8771,17.27,,,,,,,,,21.7
4,277,18.6,395.24,10.59,1,0.489,5.404,0.37578,0,88.6,3.665,23.98,,,,,,,,,19.3
4,277,18.6,390.94,10.59,1,0.489,5.807,0.21719,0,53.8,3.6526,16.03,,,,,,,,,22.4
4,277,18.6,385.81,10.59,0,0.489,6.375,0.14052,0,32.3,3.9454,9.38,,,,,,,,,28.1
4,277,18.6,348.93,10.59,0,0.489,5.412,0.28955,0,9.8,3.5875,29.55,,,,,,,,,23.7
4,277,18.6,393.63,10.59,0,0.489,6.182,0.19802,0,42.4,3.9454,9.47,,,,,,,,,25
5,276,16.4,392.8,13.89,1,0.55,5.888,0.0456,0,56,3.1121,13.51,,,,,,,,,23.3
5,276,16.4,392.78,13.89,0,0.55,6.642,0.07013,0,85.1,3.4211,9.69,,,,,,,,,28.7
5,276,16.4,396.9,13.89,1,0.55,5.951,0.11069,0,93.8,2.8893,17.92,,,,,,,,,21.5
5,276,16.4,393.74,13.89,1,0.55,6.373,0.11425,0,92.4,3.3633,10.5,,,,,,,,,23
8,307,17.4,391.7,6.2,1,0.507,6.951,0.35809,0,88.5,2.8617,9.71,,,,,,,,,26.7
8,307,17.4,395.24,6.2,1,0.507,6.164,0.40771,0,91.3,3.048,21.46,,,,,,,,,21.7
8,307,17.4,390.39,6.2,1,0.507,6.879,0.62356,0,77.7,3.2721,9.93,,,,,,,,,27.5
8,307,17.4,396.9,6.2,0,0.507,6.618,0.6147,0,80.8,3.2721,7.6,,,,,,,,,30.1
8,307,17.4,385.05,6.2,0,0.504,8.266,0.31533,0,78.3,2.8944,4.14,,,,,,,,,44.8
8,307,17.4,382,6.2,0,0.504,8.725,0.52693,0,83,2.8944,4.63,,,,,,,,,50
8,307,17.4,387.38,6.2,0,0.504,8.04,0.38214,0,86.5,3.2157,3.13,,,,,,,,,37.6
8,307,17.4,372.08,6.2,0,0.504,7.163,0.41238,0,79.9,3.2157,6.36,,,,,,,,,31.6
8,307,17.4,377.51,6.2,0,0.504,7.686,0.29819,0,17,3.3751,3.92,,,,,,,,,46.7
8,307,17.4,380.34,6.2,0,0.504,6.552,0.44178,0,21.4,3.3751,3.76,,,,,,,,,31.5
8,307,17.4,378.35,6.2,0,0.504,5.981,0.537,0,68.1,3.6715,11.65,,,,,,,,,24.3
8,307,17.4,376.14,6.2,0,0.504,7.412,0.46296,0,76.9,3.6715,5.25,,,,,,,,,31.7
8,307,17.4,385.91,6.2,0,0.507,8.337,0.57529,0,73.3,3.8384,2.47,,,,,,,,,41.7
8,307,17.4,378.95,6.2,0,0.507,8.247,0.33147,0,70.4,3.6519,3.95,,,,,,,,,48.3
8,307,17.4,360.2,6.2,1,0.507,6.726,0.44791,0,66.5,3.6519,8.05,,,,,,,,,29
8,307,17.4,376.75,6.2,0,0.507,6.086,0.33045,0,61.5,3.6519,10.88,,,,,,,,,24
8,307,17.4,388.45,6.2,1,0.507,6.631,0.52058,0,76.5,4.148,9.54,,,,,,,,,25.1
8,307,17.4,390.07,6.2,0,0.507,7.358,0.51183,0,71.6,4.148,4.73,,,,,,,,,31.5
6,300,16.6,379.41,4.93,0,0.428,6.481,0.08244,30,18.5,6.1899,6.36,,,,,,,,,23.7
6,300,16.6,383.78,4.93,0,0.428,6.606,0.09252,30,42.2,6.1899,7.37,,,,,,,,,23.3
6,300,16.6,391.25,4.93,0,0.428,6.897,0.11329,30,54.3,6.3361,11.38,,,,,,,,,22
6,300,16.6,394.62,4.93,0,0.428,6.095,0.10612,30,65.1,6.3361,12.4,,,,,,,,,20.1
6,300,16.6,372.75,4.93,0,0.428,6.358,0.1029,30,52.9,7.0355,11.22,,,,,,,,,22.2
6,300,16.6,374.71,4.93,0,0.428,6.393,0.12757,30,7.8,7.0355,5.19,,,,,,,,,23.7
7,330,19.1,372.49,5.86,0,0.431,5.593,0.20608,22,76.5,7.9549,12.5,,,,,,,,,17.6
7,330,19.1,389.13,5.86,0,0.431,5.605,0.19133,22,70.2,7.9549,18.46,,,,,,,,,18.5
7,330,19.1,390.18,5.86,0,0.431,6.108,0.33983,22,34.9,8.0555,9.16,,,,,,,,,24.3
7,330,19.1,376.14,5.86,0,0.431,6.226,0.19657,22,79.2,8.0555,10.15,,,,,,,,,20.5
7,330,19.1,374.71,5.86,0,0.431,6.433,0.16439,22,49.1,7.8265,9.52,,,,,,,,,24.5
7,330,19.1,393.74,5.86,0,0.431,6.718,0.19073,22,17.5,7.8265,6.56,,,,,,,,,26.2
7,330,19.1,396.28,5.86,0,0.431,6.487,0.1403,22,13,7.3967,5.9,,,,,,,,,24.4
7,330,19.1,377.07,5.86,0,0.431,6.438,0.21409,22,8.9,7.3967,3.59,,,,,,,,,24.8
7,330,19.1,386.09,5.86,0,0.431,6.957,0.08221,22,6.8,8.9067,3.53,,,,,,,,,29.6
7,330,19.1,396.9,5.86,0,0.431,8.259,0.36894,22,8.4,8.9067,3.54,,,,,,,,,42.8
1,315,16.4,392.89,3.64,0,0.392,6.108,0.04819,80,32,9.2203,6.57,,,,,,,,,21.9
1,315,16.4,395.18,3.64,0,0.392,5.876,0.03548,80,19.1,9.2203,9.25,,,,,,,,,20.9
3,244,15.9,386.34,3.75,0,0.394,7.454,0.01538,90,34.2,6.3361,3.11,,,,,,,,,44
5,264,13,389.7,3.97,0,0.647,8.704,0.61154,20,86.9,1.801,5.12,,,,,,,,,50
5,264,13,383.29,3.97,0,0.647,7.333,0.66351,20,100,1.8946,7.79,,,,,,,,,36
5,264,13,391.93,3.97,0,0.647,6.842,0.65665,20,100,2.0107,6.9,,,,,,,,,30.1
5,264,13,392.8,3.97,0,0.647,7.203,0.54011,20,81.8,2.1121,9.59,,,,,,,,,33.8
5,264,13,388.37,3.97,0,0.647,7.52,0.53412,20,89.4,2.1398,7.26,,,,,,,,,43.1
5,264,13,386.86,3.97,0,0.647,8.398,0.52014,20,91.5,2.2885,5.91,,,,,,,,,48.8
5,264,13,393.42,3.97,0,0.647,7.327,0.82526,20,94.5,2.0788,11.25,,,,,,,,,31
5,264,13,387.89,3.97,0,0.647,7.206,0.55007,20,91.6,1.9301,8.1,,,,,,,,,36.5
5,264,13,392.4,3.97,0,0.647,5.56,0.76162,20,62.8,1.9865,10.45,,,,,,,,,22.8
5,264,13,384.07,3.97,0,0.647,7.014,0.7857,20,84.6,2.1329,14.79,,,,,,,,,30.7
5,264,13,384.54,3.97,0,0.575,8.297,0.57834,20,67,2.4216,7.44,,,,,,,,,50
5,264,13,390.3,3.97,0,0.575,7.47,0.5405,20,52.6,2.872,3.16,,,,,,,,,43.5
3,223,18.6,391.34,6.96,1,0.464,5.92,0.09065,20,61.5,3.9175,13.65,,,,,,,,,20.7
3,223,18.6,388.65,6.96,0,0.464,5.856,0.29916,20,42.1,4.429,13,,,,,,,,,21.1
3,223,18.6,396.9,6.96,0,0.464,6.24,0.16211,20,16.3,4.429,6.59,,,,,,,,,25.2
3,223,18.6,394.96,6.96,0,0.464,6.538,0.1146,20,58.7,3.9175,7.73,,,,,,,,,24.4
3,223,18.6,390.77,6.96,1,0.464,7.691,0.22188,20,51.8,4.3665,6.58,,,,,,,,,35.2
4,254,17.6,396.9,6.41,1,0.447,6.758,0.05644,40,32.9,4.0776,3.53,,,,,,,,,32.4
4,254,17.6,396.9,6.41,0,0.447,6.854,0.09604,40,42.8,4.2673,2.98,,,,,,,,,32
4,254,17.6,389.25,6.41,1,0.447,7.267,0.10469,40,49,4.7872,6.05,,,,,,,,,33.2
4,254,17.6,393.45,6.41,1,0.447,6.826,0.06127,40,27.6,4.8628,4.16,,,,,,,,,33.1
4,254,17.6,396.9,6.41,0,0.447,6.482,0.07978,40,32.1,4.1403,7.19,,,,,,,,,29.1
5,216,14.9,396.9,3.33,0,0.4429,6.812,0.21038,20,32.2,4.1007,4.85,,,,,,,,,35.1
5,216,14.9,387.31,3.33,0,0.4429,7.82,0.03578,20,64.5,4.6947,3.76,,,,,,,,,45.4
5,216,14.9,392.23,3.33,0,0.4429,6.968,0.03705,20,37.2,5.2447,4.59,,,,,,,,,35.4
5,216,14.9,377.07,3.33,1,0.4429,7.645,0.06129,20,49.7,5.2119,3.01,,,,,,,,,46
1,198,13.6,395.52,1.21,1,0.401,7.923,0.01501,90,24.8,5.885,3.16,,,,,,,,,50
1,285,15.3,394.72,2.97,0,0.4,7.088,0.00906,90,20.8,7.3073,7.85,,,,,,,,,32.2
1,300,15.3,394.72,2.25,0,0.389,6.453,0.01096,55,31.9,7.3073,8.23,,,,,,,,,22
1,241,18.2,341.6,1.76,0,0.385,6.23,0.01965,80,31.5,9.0892,12.93,,,,,,,,,20.1
6,293,16.6,396.9,5.32,0,0.405,6.209,0.03871,52.5,31.3,7.3172,7.14,,,,,,,,,23.2
6,293,16.6,396.9,5.32,0,0.405,6.315,0.0459,52.5,45.6,7.3172,7.6,,,,,,,,,22.3
6,293,16.6,371.72,5.32,0,0.405,6.565,0.04297,52.5,22.9,7.3172,9.51,,,,,,,,,24.8
4,245,19.2,396.9,4.95,0,0.411,6.861,0.03502,80,27.9,5.1167,3.33,,,,,,,,,28.5
4,245,19.2,396.9,4.95,0,0.411,7.148,0.07886,80,27.7,5.1167,3.56,,,,,,,,,37.3
4,245,19.2,396.9,4.95,0,0.411,6.63,0.03615,80,23.4,5.1167,4.7,,,,,,,,,27.9
4,289,16,396.9,13.92,0,0.437,6.127,0.08265,0,18.4,5.5027,8.58,,,,,,,,,23.9
4,289,16,396.9,13.92,0,0.437,6.009,0.08199,0,42.3,5.5027,10.4,,,,,,,,,21.7
4,289,16,396.9,13.92,0,0.437,6.678,0.12932,0,31.1,5.9604,6.27,,,,,,,,,28.6
4,289,16,392.85,13.92,0,0.437,6.549,0.05372,0,51,5.9604,7.39,,,,,,,,,27.1
4,289,16,396.9,13.92,0,0.437,5.79,0.14103,0,58,6.32,15.84,,,,,,,,,20.3
5,358,14.8,368.24,2.24,0,0.4,6.345,0.06466,70,20.1,7.8278,4.97,,,,,,,,,22.5
5,358,14.8,371.58,2.24,0,0.4,7.041,0.05561,70,10,7.8278,4.74,,,,,,,,,29
5,358,14.8,390.86,2.24,0,0.4,6.871,0.04417,70,47.4,7.8278,6.07,,,,,,,,,24.8
7,329,16.1,395.75,6.09,0,0.433,6.59,0.03537,34,40.4,5.4917,9.5,,,,,,,,,22
7,329,16.1,383.61,6.09,0,0.433,6.495,0.09266,34,18.4,5.4917,8.67,,,,,,,,,26.4
7,329,16.1,390.43,6.09,0,0.433,6.982,0.1,34,17.7,5.4917,4.86,,,,,,,,,33.1
7,222,18.4,393.68,2.18,0,0.472,7.236,0.05515,33,41.1,4.022,6.93,,,,,,,,,36.1
7,222,18.4,393.36,2.18,0,0.472,6.616,0.05479,33,58.1,3.37,8.93,,,,,,,,,28.4
7,222,18.4,396.9,2.18,0,0.472,7.42,0.07503,33,71.9,3.0992,6.47,,,,,,,,,33.4
7,222,18.4,396.9,2.18,0,0.472,6.849,0.04932,33,70.3,3.1827,7.53,,,,,,,,,28.2
4,304,18.4,396.9,9.9,0,0.544,6.635,0.49298,0,82.5,3.3175,4.54,,,,,,,,,22.8
4,304,18.4,396.24,9.9,0,0.544,5.972,0.3494,0,76.7,3.1025,9.97,,,,,,,,,20.3
4,304,18.4,350.45,9.9,0,0.544,4.973,2.63548,0,37.8,2.5194,12.64,,,,,,,,,16.1
4,304,18.4,396.9,9.9,0,0.544,6.122,0.79041,0,52.8,2.6403,5.98,,,,,,,,,22.1
4,304,18.4,396.3,9.9,0,0.544,6.023,0.26169,0,90.4,2.834,11.72,,,,,,,,,19.4
4,304,18.4,393.39,9.9,0,0.544,6.266,0.26938,0,82.8,3.2628,7.9,,,,,,,,,21.6
4,304,18.4,395.69,9.9,0,0.544,6.567,0.3692,0,87.3,3.6023,9.28,,,,,,,,,23.8
4,304,18.4,396.42,9.9,0,0.544,5.705,0.25356,0,77.7,3.945,11.5,,,,,,,,,16.2
4,304,18.4,390.7,9.9,0,0.544,5.914,0.31827,0,83.2,3.9986,18.33,,,,,,,,,17.8
4,304,18.4,396.9,9.9,0,0.544,5.782,0.24522,0,71.7,4.0317,15.94,,,,,,,,,19.8
4,304,18.4,395.21,9.9,0,0.544,6.382,0.40202,0,67.2,3.5325,10.36,,,,,,,,,23.1
4,304,18.4,396.23,9.9,0,0.544,6.113,0.47547,0,58.8,4.0019,12.73,,,,,,,,,21
5,287,19.6,396.9,7.38,0,0.493,6.426,0.1676,0,52.3,4.5404,7.2,,,,,,,,,23.8
5,287,19.6,396.9,7.38,0,0.493,6.376,0.18159,0,54.3,4.5404,6.87,,,,,,,,,23.1
5,287,19.6,396.9,7.38,0,0.493,6.041,0.35114,0,49.9,4.7211,7.7,,,,,,,,,20.4
5,287,19.6,391.13,7.38,0,0.493,5.708,0.28392,0,74.3,4.7211,11.74,,,,,,,,,18.5
5,287,19.6,396.9,7.38,0,0.493,6.415,0.34109,0,40.1,4.7211,6.12,,,,,,,,,25
5,287,19.6,393.68,7.38,0,0.493,6.431,0.19186,0,14.7,5.4159,5.08,,,,,,,,,24.6
5,287,19.6,396.9,7.38,0,0.493,6.312,0.30347,0,28.9,5.4159,6.15,,,,,,,,,23
5,287,19.6,396.9,7.38,0,0.493,6.083,0.24103,0,43.7,5.4159,12.79,,,,,,,,,22.2
4,430,16.9,382.44,3.24,0,0.46,5.868,0.06617,0,25.8,5.2146,9.97,,,,,,,,,19.3
4,430,16.9,375.21,3.24,0,0.46,6.333,0.06724,0,17.2,5.2146,7.34,,,,,,,,,22.6
4,430,16.9,368.57,3.24,0,0.46,6.144,0.04544,0,32.2,5.8736,9.09,,,,,,,,,19.8
1,304,16.9,394.02,6.06,0,0.4379,5.706,0.05023,35,28.4,6.6407,12.43,,,,,,,,,17.1
1,304,16.9,362.25,6.06,0,0.4379,6.031,0.03466,35,23.3,6.6407,7.83,,,,,,,,,19.4
5,224,20.2,389.71,5.19,0,0.515,6.316,0.05083,0,38.1,6.4584,5.68,,,,,,,,,22.2
5,224,20.2,389.4,5.19,0,0.515,6.31,0.03738,0,38.5,6.4584,6.75,,,,,,,,,20.7
5,224,20.2,396.9,5.19,0,0.515,6.037,0.03961,0,34.5,5.9853,8.01,,,,,,,,,21.1
5,224,20.2,396.9,5.19,0,0.515,5.869,0.03427,0,46.3,5.2311,9.8,,,,,,,,,19.5
5,224,20.2,394.81,5.19,0,0.515,5.895,0.03041,0,59.6,5.615,10.56,,,,,,,,,18.5
5,224,20.2,396.14,5.19,0,0.515,6.059,0.03306,0,37.3,4.8122,8.51,,,,,,,,,20.6
5,224,20.2,396.9,5.19,0,0.515,5.985,0.05497,0,45.4,4.8122,9.74,,,,,,,,,19
5,224,20.2,396.9,5.19,0,0.515,5.968,0.06151,0,58.5,4.8122,9.29,,,,,,,,,18.7
1,284,15.5,394.74,1.52,0,0.442,7.241,0.01301,35,49.3,7.0379,5.49,,,,,,,,,32.7
1,422,15.9,389.96,1.89,0,0.518,6.54,0.02498,0,59.7,6.2669,8.65,,,,,,,,,16.5
5,370,17.6,396.9,3.78,0,0.484,6.696,0.02543,55,56.4,5.7321,7.18,,,,,,,,,23.9
5,370,17.6,387.97,3.78,0,0.484,6.874,0.03049,55,28.1,6.4654,4.61,,,,,,,,,31.2
3,352,18.8,385.64,4.39,0,0.442,6.014,0.03113,0,48.5,8.0136,10.53,,,,,,,,,17.5
3,352,18.8,364.61,4.39,0,0.442,5.898,0.06162,0,52.3,8.0136,12.67,,,,,,,,,17.2
4,351,17.9,392.43,4.15,0,0.429,6.516,0.0187,85,27.7,8.5353,6.36,,,,,,,,,23.1
4,280,17,390.94,2.01,0,0.435,6.635,0.01501,80,29.7,8.344,5.99,,,,,,,,,24.5
1,335,19.7,389.85,1.25,0,0.429,6.939,0.02899,40,34.5,8.7921,5.89,,,,,,,,,26.6
1,335,19.7,396.9,1.25,0,0.429,6.49,0.06211,40,44.4,8.7921,5.98,,,,,,,,,22.9
4,411,18.3,370.78,1.69,0,0.411,6.579,0.0795,60,35.9,10.7103,5.49,,,,,,,,,24.1
4,411,18.3,392.33,1.69,0,0.411,5.884,0.07244,60,18.5,10.7103,7.79,,,,,,,,,18.6
5,187,17,384.46,2.02,0,0.41,6.728,0.01709,90,36.1,12.1265,4.5,,,,,,,,,30.1
4,334,22,382.8,1.91,0,0.413,5.663,0.04301,80,21.9,10.5857,8.05,,,,,,,,,18.2
4,334,22,376.04,1.91,0,0.413,5.936,0.10659,80,19.5,10.5857,5.57,,,,,,,,,20.6
24,666,20.2,377.73,18.1,1,0.77,6.212,8.98296,0,97.4,2.1222,17.6,,,,,,,,,17.8
24,666,20.2,391.34,18.1,1,0.77,6.395,3.8497,0,91,2.5052,13.27,,,,,,,,,21.7
24,666,20.2,395.43,18.1,1,0.77,6.127,5.20177,0,83.4,2.7227,11.48,,,,,,,,,22.7
24,666,20.2,390.74,18.1,0,0.77,6.112,4.26131,0,81.3,2.5091,12.67,,,,,,,,,22.6
24,666,20.2,374.56,18.1,0,0.77,6.398,4.54192,0,88,2.5182,7.79,,,,,,,,,25
24,666,20.2,350.65,18.1,0,0.77,6.251,3.83684,0,91.1,2.2955,14.19,,,,,,,,,19.9
24,666,20.2,380.79,18.1,0,0.77,5.362,3.67822,0,96.2,2.1036,10.19,,,,,,,,,20.8
24,666,20.2,353.04,18.1,1,0.77,5.803,4.22239,0,89,1.9047,14.64,,,,,,,,,16.8
24,666,20.2,354.55,18.1,1,0.718,8.78,3.47428,0,82.9,1.9047,5.29,,,,,,,,,21.9
24,666,20.2,354.7,18.1,0,0.718,3.561,4.55587,0,87.9,1.6132,7.12,,,,,,,,,27.5
24,666,20.2,316.03,18.1,0,0.718,4.963,3.69695,0,91.4,1.7523,14,,,,,,,,,21.9
24,666,20.2,131.42,18.1,0,0.631,3.863,13.5222,0,100,1.5106,13.33,,,,,,,,,23.1
24,666,20.2,375.52,18.1,0,0.631,4.97,4.89822,0,100,1.3325,3.26,,,,,,,,,50
24,666,20.2,375.33,18.1,1,0.631,6.683,5.66998,0,96.8,1.3567,3.73,,,,,,,,,50
24,666,20.2,392.05,18.1,1,0.631,7.016,6.53876,0,97.5,1.2024,2.96,,,,,,,,,50
24,666,20.2,366.15,18.1,0,0.631,6.216,9.2323,0,100,1.1691,9.53,,,,,,,,,50
24,666,20.2,347.88,18.1,1,0.668,5.875,8.26725,0,89.6,1.1296,8.88,,,,,,,,,50
24,666,20.2,396.9,18.1,0,0.668,4.906,11.1081,0,100,1.1742,34.77,,,,,,,,,13.8
24,666,20.2,396.9,18.1,0,0.668,4.138,18.4982,0,100,1.137,37.97,,,,,,,,,13.8
24,666,20.2,396.9,18.1,0,0.671,7.313,19.6091,0,97.9,1.3163,13.44,,,,,,,,,15
24,666,20.2,363.02,18.1,0,0.671,6.649,15.288,0,93.3,1.3449,23.24,,,,,,,,,13.9
24,666,20.2,396.9,18.1,0,0.671,6.794,9.82349,0,98.8,1.358,21.24,,,,,,,,,13.3
24,666,20.2,396.9,18.1,0,0.671,6.38,23.6482,0,96.2,1.3861,23.69,,,,,,,,,13.1
24,666,20.2,393.74,18.1,0,0.671,6.223,17.8667,0,100,1.3861,21.78,,,,,,,,,10.2
24,666,20.2,396.9,18.1,0,0.671,6.968,88.9762,0,91.9,1.4165,17.21,,,,,,,,,10.4
24,666,20.2,396.9,18.1,0,0.671,6.545,15.8744,0,99.1,1.5192,21.08,,,,,,,,,10.9
24,666,20.2,396.9,18.1,0,0.7,5.536,9.18702,0,100,1.5804,23.6,,,,,,,,,11.3
24,666,20.2,396.9,18.1,0,0.7,5.52,7.99248,0,100,1.5331,24.56,,,,,,,,,12.3
24,666,20.2,285.83,18.1,0,0.7,4.368,20.0849,0,91.2,1.4395,30.63,,,,,,,,,8.8
24,666,20.2,396.9,18.1,0,0.7,5.277,16.8118,0,98.1,1.4261,30.81,,,,,,,,,7.2
24,666,20.2,396.9,18.1,0,0.7,4.652,24.3938,0,100,1.4672,28.28,,,,,,,,,10.5
24,666,20.2,396.9,18.1,0,0.7,5,22.5971,0,89.5,1.5184,31.99,,,,,,,,,7.4
24,666,20.2,372.92,18.1,0,0.7,4.88,14.3337,0,100,1.5895,30.62,,,,,,,,,10.2
24,666,20.2,396.9,18.1,0,0.7,5.39,8.15174,0,98.9,1.7281,20.85,,,,,,,,,11.5
24,666,20.2,394.43,18.1,0,0.7,5.713,6.96215,0,97,1.9265,17.11,,,,,,,,,15.1
24,666,20.2,378.38,18.1,0,0.7,6.051,5.29305,0,82.5,2.1678,18.76,,,,,,,,,23.2
24,666,20.2,396.9,18.1,0,0.7,5.036,11.5779,0,97,1.77,25.68,,,,,,,,,9.7
24,666,20.2,396.9,18.1,0,0.693,6.193,8.64476,0,92.6,1.7912,15.17,,,,,,,,,13.8
24,666,20.2,396.9,18.1,0,0.693,5.887,13.3598,0,94.7,1.7821,16.35,,,,,,,,,12.7
24,666,20.2,391.98,18.1,0,0.693,6.471,8.71675,0,98.8,1.7257,17.12,,,,,,,,,13.1
24,666,20.2,396.9,18.1,0,0.693,6.405,5.87205,0,96,1.6768,19.37,,,,,,,,,12.5
24,666,20.2,393.1,18.1,0,0.693,5.747,7.67202,0,98.9,1.6334,19.92,,,,,,,,,8.5
24,666,20.2,396.9,18.1,0,0.693,5.453,38.3518,0,100,1.4896,30.59,,,,,,,,,5
24,666,20.2,338.16,18.1,0,0.693,5.852,9.91655,0,77.8,1.5004,29.97,,,,,,,,,6.3
24,666,20.2,396.9,18.1,0,0.693,5.987,25.0461,0,100,1.5888,26.77,,,,,,,,,5.6
24,666,20.2,396.9,18.1,0,0.693,6.343,14.2362,0,100,1.5741,20.32,,,,,,,,,7.2
24,666,20.2,376.11,18.1,0,0.693,6.404,9.59571,0,100,1.639,20.31,,,,,,,,,12.1
24,666,20.2,396.9,18.1,0,0.693,5.349,24.8017,0,96,1.7028,19.77,,,,,,,,,8.3
24,666,20.2,329.46,18.1,0,0.693,5.531,41.5292,0,85.4,1.6074,27.38,,,,,,,,,8.5
24,666,20.2,384.97,18.1,0,0.693,5.683,67.9208,0,100,1.4254,22.98,,,,,,,,,5
24,666,20.2,370.22,18.1,0,0.659,4.138,20.7162,0,100,1.1781,23.34,,,,,,,,,11.9
24,666,20.2,332.09,18.1,0,0.659,5.608,11.9511,0,100,1.2852,12.13,,,,,,,,,27.9
24,666,20.2,314.64,18.1,0,0.597,5.617,7.40389,0,97.9,1.4547,26.4,,,,,,,,,17.2
24,666,20.2,179.36,18.1,0,0.597,6.852,14.4383,0,100,1.4655,19.78,,,,,,,,,27.5
24,666,20.2,2.6,18.1,0,0.597,5.757,51.1358,0,100,1.413,10.11,,,,,,,,,15
24,666,20.2,35.05,18.1,0,0.597,6.657,14.0507,0,100,1.5275,21.22,,,,,,,,,17.2
24,666,20.2,28.79,18.1,0,0.597,4.628,18.811,0,100,1.5539,34.37,,,,,,,,,17.9
24,666,20.2,210.97,18.1,0,0.597,5.155,28.6558,0,100,1.5894,20.08,,,,,,,,,16.3
24,666,20.2,88.27,18.1,0,0.693,4.519,45.7461,0,100,1.6582,36.98,,,,,,,,,7
24,666,20.2,27.25,18.1,0,0.679,6.434,18.0846,0,100,1.8347,29.05,,,,,,,,,7.2
24,666,20.2,21.57,18.1,0,0.679,6.782,10.8342,0,90.8,1.8195,25.79,,,,,,,,,7.5
24,666,20.2,127.36,18.1,0,0.679,5.304,25.9406,0,89.1,1.6475,26.64,,,,,,,,,10.4
24,666,20.2,16.45,18.1,0,0.679,5.957,73.5341,0,100,1.8026,20.62,,,,,,,,,8.8
24,666,20.2,48.45,18.1,0,0.718,6.824,11.8123,0,76.5,1.794,22.74,,,,,,,,,8.4
24,666,20.2,318.75,18.1,0,0.718,6.411,11.0874,0,100,1.8589,15.02,,,,,,,,,16.7
24,666,20.2,319.98,18.1,0,0.718,6.006,7.02259,0,95.3,1.8746,15.7,,,,,,,,,14.2
24,666,20.2,291.55,18.1,0,0.614,5.648,12.0482,0,87.6,1.9512,14.1,,,,,,,,,20.8
24,666,20.2,2.52,18.1,0,0.614,6.103,7.05042,0,85.1,2.0218,23.29,,,,,,,,,13.4
24,666,20.2,3.65,18.1,0,0.584,5.565,8.79212,0,70.6,2.0635,17.16,,,,,,,,,11.7
24,666,20.2,7.68,18.1,0,0.679,5.896,15.8603,0,95.4,1.9096,24.39,,,,,,,,,8.3
24,666,20.2,24.65,18.1,0,0.584,5.837,12.2472,0,59.7,1.9976,15.69,,,,,,,,,10.2
24,666,20.2,18.82,18.1,0,0.679,6.202,37.6619,0,78.7,1.8629,14.52,,,,,,,,,10.9
24,666,20.2,96.73,18.1,0,0.679,6.193,7.36711,0,78.1,1.9356,21.52,,,,,,,,,11
24,666,20.2,60.72,18.1,0,0.679,6.38,9.33889,0,95.6,1.9682,24.08,,,,,,,,,9.5
24,666,20.2,83.45,18.1,0,0.584,6.348,8.49213,0,86.1,2.0527,17.64,,,,,,,,,14.5
24,666,20.2,81.33,18.1,0,0.584,6.833,10.0623,0,94.3,2.0882,19.69,,,,,,,,,14.1
24,666,20.2,97.95,18.1,0,0.584,6.425,6.44405,0,74.8,2.2004,12.03,,,,,,,,,16.1
24,666,20.2,100.19,18.1,0,0.713,6.436,5.58107,0,87.9,2.3158,16.22,,,,,,,,,14.3
24,666,20.2,100.63,18.1,0,0.713,6.208,13.9134,0,95,2.2222,15.17,,,,,,,,,11.7
24,666,20.2,109.85,18.1,0,0.74,6.629,11.1604,0,94.6,2.1247,23.27,,,,,,,,,13.4
24,666,20.2,27.49,18.1,0,0.74,6.461,14.4208,0,93.3,2.0026,18.05,,,,,,,,,9.6
24,666,20.2,9.32,18.1,0,0.74,6.152,15.1772,0,100,1.9142,26.45,,,,,,,,,8.7
24,666,20.2,68.95,18.1,0,0.74,5.935,13.6781,0,87.9,1.8206,34.02,,,,,,,,,8.4
24,666,20.2,396.9,18.1,0,0.74,5.627,9.39063,0,93.9,1.8172,22.88,,,,,,,,,12.8
24,666,20.2,391.45,18.1,0,0.74,5.818,22.0511,0,92.4,1.8662,22.11,,,,,,,,,10.5
24,666,20.2,385.96,18.1,0,0.74,6.406,9.72418,0,97.2,2.0651,19.52,,,,,,,,,17.1
24,666,20.2,395.69,18.1,0,0.74,6.219,5.66637,0,100,2.0048,16.59,,,,,,,,,18.4
24,666,20.2,386.73,18.1,0,0.74,6.485,9.96654,0,100,1.9784,18.85,,,,,,,,,15.4
24,666,20.2,240.52,18.1,0,0.74,5.854,12.8023,0,96.6,1.8956,23.79,,,,,,,,,10.8
24,666,20.2,43.06,18.1,0,0.74,6.459,10.6718,0,94.8,1.9879,23.98,,,,,,,,,11.8
24,666,20.2,318.01,18.1,0,0.74,6.341,6.28807,0,96.4,2.072,17.79,,,,,,,,,14.9
24,666,20.2,388.52,18.1,0,0.74,6.251,9.92485,0,96.6,2.198,16.44,,,,,,,,,12.6
24,666,20.2,396.9,18.1,0,0.713,6.185,9.32909,0,98.7,2.2616,18.13,,,,,,,,,14.1
24,666,20.2,304.21,18.1,0,0.713,6.417,7.52601,0,98.3,2.185,19.31,,,,,,,,,13
24,666,20.2,0.32,18.1,0,0.713,6.749,6.71772,0,92.6,2.3236,17.44,,,,,,,,,13.4
24,666,20.2,355.29,18.1,0,0.713,6.655,5.44114,0,98.2,2.3552,17.73,,,,,,,,,15.2
24,666,20.2,385.09,18.1,0,0.713,6.297,5.09017,0,91.8,2.3682,17.27,,,,,,,,,16.1
24,666,20.2,375.87,18.1,0,0.713,7.393,8.24809,0,99.3,2.4527,16.74,,,,,,,,,17.8
24,666,20.2,6.68,18.1,0,0.713,6.728,9.51363,0,94.1,2.4961,18.71,,,,,,,,,14.9
24,666,20.2,50.92,18.1,0,0.713,6.525,4.75237,0,86.5,2.4358,18.13,,,,,,,,,14.1
24,666,20.2,10.48,18.1,0,0.713,5.976,4.66883,0,87.9,2.5806,19.01,,,,,,,,,12.7
24,666,20.2,3.5,18.1,0,0.713,5.936,8.20058,0,80.3,2.7792,16.94,,,,,,,,,13.5
24,666,20.2,272.21,18.1,0,0.713,6.301,7.75223,0,83.7,2.7831,16.23,,,,,,,,,14.9
24,666,20.2,396.9,18.1,0,0.713,6.081,6.80117,0,84.4,2.7175,14.7,,,,,,,,,20
24,666,20.2,255.23,18.1,0,0.713,6.701,4.81213,0,90,2.5975,16.42,,,,,,,,,16.4
24,666,20.2,391.43,18.1,0,0.713,6.376,3.69311,0,88.4,2.5671,14.65,,,,,,,,,17.7
24,666,20.2,396.9,18.1,0,0.713,6.317,6.65492,0,83,2.7344,13.99,,,,,,,,,19.5
24,666,20.2,393.82,18.1,0,0.713,6.513,5.82115,0,89.9,2.8016,10.29,,,,,,,,,20.2
24,666,20.2,396.9,18.1,0,0.655,6.209,7.83932,0,65.4,2.9634,13.22,,,,,,,,,21.4
24,666,20.2,334.4,18.1,0,0.655,5.759,3.1636,0,48.2,3.0665,14.13,,,,,,,,,19.9
24,666,20.2,22.01,18.1,0,0.655,5.952,3.77498,0,84.7,2.8715,17.15,,,,,,,,,19
24,666,20.2,331.29,18.1,0,0.584,6.003,4.42228,0,94.5,2.5403,21.32,,,,,,,,,19.1
24,666,20.2,368.74,18.1,0,0.58,5.926,15.5757,0,71,2.9084,18.13,,,,,,,,,19.1
24,666,20.2,396.9,18.1,0,0.58,5.713,13.0751,0,56.7,2.8237,14.76,,,,,,,,,20.1
24,666,20.2,396.9,18.1,0,0.58,6.167,4.34879,0,84,3.0334,16.29,,,,,,,,,19.9
24,666,20.2,395.33,18.1,0,0.532,6.229,4.03841,0,90.7,3.0993,12.87,,,,,,,,,19.6
24,666,20.2,393.37,18.1,0,0.58,6.437,3.56868,0,75,2.8965,14.36,,,,,,,,,23.2
24,666,20.2,374.68,18.1,0,0.614,6.98,4.64689,0,67.6,2.5329,11.66,,,,,,,,,29.8
24,666,20.2,352.58,18.1,0,0.584,5.427,8.05579,0,95.4,2.4298,18.14,,,,,,,,,13.8
24,666,20.2,302.76,18.1,0,0.584,6.162,6.39312,0,97.4,2.206,24.1,,,,,,,,,13.3
24,666,20.2,396.21,18.1,0,0.614,6.484,4.87141,0,93.6,2.3053,18.68,,,,,,,,,16.7
24,666,20.2,349.48,18.1,0,0.614,5.304,15.0234,0,97.3,2.1007,24.91,,,,,,,,,12
24,666,20.2,379.7,18.1,0,0.614,6.185,10.233,0,96.7,2.1705,18.03,,,,,,,,,14.6
24,666,20.2,383.32,18.1,0,0.614,6.229,14.3337,0,88,1.9512,13.11,,,,,,,,,21.4
24,666,20.2,396.9,18.1,0,0.532,6.242,5.82401,0,64.7,3.4242,10.74,,,,,,,,,23
24,666,20.2,393.07,18.1,0,0.532,6.75,5.70818,0,74.9,3.3317,7.74,,,,,,,,,23.7
24,666,20.2,395.28,18.1,0,0.532,7.061,5.73116,0,77,3.4106,7.01,,,,,,,,,25
24,666,20.2,392.92,18.1,0,0.532,5.762,2.81838,0,40.3,4.0983,10.42,,,,,,,,,21.8
24,666,20.2,370.73,18.1,0,0.583,5.871,2.37857,0,41.9,3.724,13.34,,,,,,,,,20.6
24,666,20.2,388.62,18.1,0,0.583,6.312,3.67367,0,51.9,3.9917,10.58,,,,,,,,,21.2
24,666,20.2,392.68,18.1,0,0.583,6.114,5.69175,0,79.8,3.5459,14.98,,,,,,,,,19.1
24,666,20.2,388.22,18.1,0,0.583,5.905,4.83567,0,53.2,3.1523,11.45,,,,,,,,,20.6
4,711,20.1,395.09,27.74,0,0.609,5.454,0.15086,0,92.7,1.8209,18.06,,,,,,,,,15.2
4,711,20.1,344.05,27.74,0,0.609,5.414,0.18337,0,98.3,1.7554,23.97,,,,,,,,,7
4,711,20.1,318.43,27.74,0,0.609,5.093,0.20746,0,98,1.8226,29.68,,,,,,,,,8.1
4,711,20.1,390.11,27.74,0,0.609,5.983,0.10574,0,98.8,1.8681,18.07,,,,,,,,,13.6
4,711,20.1,396.9,27.74,0,0.609,5.983,0.11132,0,83.5,2.1099,13.35,,,,,,,,,20.1
6,391,19.2,396.9,9.69,0,0.585,5.707,0.17331,0,54,2.3817,12.01,,,,,,,,,21.8
6,391,19.2,396.9,9.69,0,0.585,5.926,0.27957,0,42.6,2.3817,13.59,,,,,,,,,24.5
6,391,19.2,393.29,9.69,0,0.585,5.67,0.17899,0,28.8,2.7986,17.6,,,,,,,,,23.1
6,391,19.2,396.9,9.69,0,0.585,5.39,0.2896,0,72.9,2.7986,21.14,,,,,,,,,19.7
6,391,19.2,396.9,9.69,0,0.585,5.794,0.26838,0,70.6,2.8927,14.1,,,,,,,,,18.3
6,391,19.2,396.9,9.69,0,0.585,6.019,0.23912,0,65.3,2.4091,12.92,,,,,,,,,21.2
6,391,19.2,395.77,9.69,0,0.585,5.569,0.17783,0,73.5,2.3999,15.1,,,,,,,,,17.5
6,391,19.2,396.9,9.69,0,0.585,6.027,0.22438,0,79.7,2.4982,14.33,,,,,,,,,16.8
1,273,21,391.99,11.93,0,0.573,6.593,0.06263,0,69.1,2.4786,9.67,,,,,,,,,22.4
1,273,21,396.9,11.93,0,0.573,6.12,0.04527,0,76.7,2.2875,9.08,,,,,,,,,20.6
1,273,21,396.9,11.93,0,0.573,6.976,0.06076,0,91,2.1675,5.64,,,,,,,,,23.9
1,273,21,393.45,11.93,0,0.573,6.794,0.10959,0,89.3,2.3889,6.48,,,,,,,,,22
1,273,21,396.9,11.93,0,0.573,6.03,0.04741,0,80.8,2.505,7.88,,,,,,,,,11.9
1,296,15.3,396.9,2.31,0,0.538,6.575,0.00632,18,65.2,4.09,4.98,,,,,,,,,24
2,242,17.8,396.9,7.07,0,0.469,6.421,0.02731,0,78.9,4.9671,9.14,,,,,,,,,21.6
2,242,17.8,392.83,7.07,0,0.469,7.185,0.02729,0,61.1,4.9671,4.03,,,,,,,,,34.7
3,222,18.7,394.63,2.18,0,0.458,6.998,0.03237,0,45.8,6.0622,2.94,,,,,,,,,33.4
3,222,18.7,396.9,2.18,0,0.458,7.147,0.06905,0,54.2,6.0622,5.33,,,,,,,,,36.2
3,222,18.7,394.12,2.18,0,0.458,6.43,0.02985,0,58.7,6.0622,5.21,,,,,,,,,28.7
5,311,15.2,395.6,7.87,0,0.524,6.012,0.08829,12.5,66.6,5.5605,12.43,,,,,,,,,22.9
5,311,15.2,396.9,7.87,0,0.524,6.172,0.14455,12.5,96.1,5.9505,19.15,,,,,,,,,27.1
5,311,15.2,386.63,7.87,0,0.524,5.631,0.21124,12.5,100,6.0821,29.93,,,,,,,,,16.5
5,311,15.2,386.71,7.87,0,0.524,6.004,0.17004,12.5,85.9,6.5921,17.1,,,,,,,,,18.9
5,311,15.2,392.52,7.87,0,0.524,6.377,0.22489,12.5,94.3,6.3467,20.45,,,,,,,,,15
5,311,15.2,396.9,7.87,0,0.524,6.009,0.11747,12.5,82.9,6.2267,13.27,,,,,,,,,18.9
5,311,15.2,390.5,7.87,0,0.524,5.889,0.09378,12.5,39,5.4509,15.71,,,,,,,,,21.7
4,307,21,396.9,8.14,0,0.538,5.949,0.62976,0,61.8,4.7075,8.26,,,,,,,,,20.4
4,307,21,380.02,8.14,0,0.538,6.096,0.63796,0,84.5,4.4619,10.26,,,,,,,,,18.2
4,307,21,395.62,8.14,0,0.538,5.834,0.62739,0,56.5,4.4986,8.47,,,,,,,,,19.9
4,307,21,386.85,8.14,0,0.538,5.935,1.05393,0,29.3,4.4986,6.58,,,,,,,,,23.1
4,307,21,386.75,8.14,0,0.538,5.99,0.7842,0,81.7,4.2579,14.67,,,,,,,,,17.5
4,307,21,288.99,8.14,0,0.538,5.456,0.80271,0,36.6,3.7965,11.69,,,,,,,,,20.2
4,307,21,390.95,8.14,0,0.538,5.727,0.7258,0,69.5,3.7965,11.28,,,,,,,,,18.2
4,307,21,376.57,8.14,0,0.538,5.57,1.25179,0,98.1,3.7979,21.02,,,,,,,,,13.6
4,307,21,392.53,8.14,0,0.538,5.965,0.85204,0,89.2,4.0123,13.83,,,,,,,,,19.6
4,307,21,396.9,8.14,0,0.538,6.142,1.23247,0,91.7,3.9769,18.72,,,,,,,,,15.2
4,307,21,394.54,8.14,0,0.538,5.813,0.98843,0,100,4.0952,19.88,,,,,,,,,14.5
4,307,21,394.33,8.14,0,0.538,5.924,0.75026,0,94.1,4.3996,16.3,,,,,,,,,15.6
4,307,21,303.42,8.14,0,0.538,5.599,0.84054,0,85.7,4.4546,16.51,,,,,,,,,13.9
4,307,21,376.88,8.14,0,0.538,5.813,0.67191,0,90.3,4.682,14.81,,,,,,,,,16.6
4,307,21,306.38,8.14,0,0.538,6.047,0.95577,0,88.8,4.4534,17.28,,,,,,,,,14.8
4,307,21,387.94,8.14,0,0.538,6.495,0.77299,0,94.4,4.4547,12.8,,,,,,,,,18.4
4,307,21,380.23,8.14,0,0.538,6.674,1.00245,0,87.3,4.239,11.98,,,,,,,,,21
4,307,21,360.17,8.14,0,0.538,5.713,1.13081,0,94.1,4.233,22.6,,,,,,,,,12.7
4,307,21,376.73,8.14,0,0.538,6.072,1.35472,0,100,4.175,13.04,,,,,,,,,14.5
4,307,21,232.6,8.14,0,0.538,5.95,1.38799,0,82,3.99,27.71,,,,,,,,,13.2
4,307,21,358.77,8.14,0,0.538,5.701,1.15172,0,95,3.7872,18.35,,,,,,,,,13.1
4,307,21,248.31,8.14,0,0.538,6.096,1.61282,0,96.9,3.7598,20.34,,,,,,,,,13.5
5,279,19.2,396.9,5.96,0,0.499,5.933,0.06417,0,68.2,3.3603,9.68,,,,,,,,,18.9
1,284,15.5,394.74,1.52,0,0.442,7.241,0.01301,35,49.3,7.0379,5.49,,,,,,,,,32.7
1,422,15.9,389.96,1.89,0,0.518,6.54,0.02498,0,59.7,6.2669,8.65,,,,,,,,,16.5
5,370,17.6,396.9,3.78,0,0.484,6.696,0.02543,55,56.4,5.7321,7.18,,,,,,,,,23.9
5,370,17.6,387.97,3.78,0,0.484,6.874,0.03049,55,28.1,6.4654,4.61,,,,,,,,,31.2
3,352,18.8,385.64,4.39,0,0.442,6.014,0.03113,0,48.5,8.0136,10.53,,,,,,,,,17.5
3,352,18.8,364.61,4.39,0,0.442,5.898,0.06162,0,52.3,8.0136,12.67,,,,,,,,,17.2
4,351,17.9,392.43,4.15,0,0.429,6.516,0.0187,85,27.7,8.5353,6.36,,,,,,,,,23.1
4,280,17,390.94,2.01,0,0.435,6.635,0.01501,80,29.7,8.344,5.99,,,,,,,,,24.5
1,335,19.7,389.85,1.25,0,0.429,6.939,0.02899,40,34.5,8.7921,5.89,,,,,,,,,26.6
1,335,19.7,396.9,1.25,0,0.429,6.49,0.06211,40,44.4,8.7921,5.98,,,,,,,,,22.9
4,411,18.3,370.78,1.69,0,0.411,6.579,0.0795,60,35.9,10.7103,5.49,,,,,,,,,24.1
4,411,18.3,392.33,1.69,0,0.411,5.884,0.07244,60,18.5,10.7103,7.79,,,,,,,,,18.6
5,187,17,384.46,2.02,0,0.41,6.728,0.01709,90,36.1,12.1265,4.5,,,,,,,,,30.1
